,title,author,price,pages,avg_reviews,n_reviews,star5,star4,star3,star2,star1,language
0,,,6.75,,,,,,,,,
1,,,33.72,,,,,,,,,
2,,,32.07,,,,,,,,,
3,,,53.99,,,,,,,,,
4,,,24.49,,,,,,,,,
5,,,46.491537396121885,,,,,,,,,
6,,,40.49,,,,,,,,,
7,,,,,,,,,,,,
8,,,54.19,,,,,,,,,
9,,,56.99,,,,,,,,,
10,,,20.0,,,,,,,,,
11,,,15.97,,,,,,,,,
12,,,46.491537396121885,,,,,,,,,
13,,,28.6,,,,,,,,,
14,,,39.99,,,,,,,,,
15,,,24.99,,,,,,,,,
16,,,46.491537396121885,,,,,,,,,
17,,,10.69,,,,,,,,,
18,,,19.38,,,,,,,,,
19,,,49.99,,,,,,,,,
20,,,29.99,,,,,,,,,
21,,,24.2,,,,,,,,,
22,,,9.99,,,,,,,,,
23,,,68.59,,,,,,,,,
24,,,51.95,,,,,,,,,
25,,,29.99,,,,,,,,,
26,,,50.99,,,,,,,,,
27,,,15.97,,,,,,,,,
28,,,46.491537396121885,,,,,,,,,
29,,,54.99,,,,,,,,,
30,,,10.74,,,,,,,,,
31,,,13.99,,,,,,,,,
32,,,0.99,,,,,,,,,
33,,,28.99,,,,,,,,,
34,,,46.491537396121885,,,,,,,,,
35,,,44.49,,,,,,,,,
36,,,27.99,,,,,,,,,
37,,,36.99,,,,,,,,,
38,,,59.2,,,,,,,,,
39,,,32.99,,,,,,,,,
40,,,14.0,,,,,,,,,
41,,,40.99,,,,,,,,,
42,,,44.99,,,,,,,,,
43,,,49.99,,,,,,,,,
44,,,27.99,,,,,,,,,
45,,,55.32,,,,,,,,,
46,,,,,,,,,,,,
47,,,31.99,,,,,,,,,
48,,,75.24,,,,,,,,,
49,,,34.95,,,,,,,,,
50,,,1.69,,,,,,,,,
51,,,46.491537396121885,,,,,,,,,
52,,,30.99,,,,,,,,,
53,,,52.21,,,,,,,,,
54,,,22.58,,,,,,,,,
55,,,46.491537396121885,,,,,,,,,
56,,,29.95,,,,,,,,,
57,,,,,,,,,,,,
58,,,21.09,,,,,,,,,
59,,,48.99,,,,,,,,,
60,,,71.91,,,,,,,,,
61,,,26.49,,,,,,,,,
62,,,69.0,,,,,,,,,
63,,,18.39,,,,,,,,,
64,,,11.97,,,,,,,,,
65,,,34.49,,,,,,,,,
66,,,25.0,,,,,,,,,
67,,,45.98,,,,,,,,,
68,,,17.99,,,,,,,,,
69,,,28.49,,,,,,,,,
70,,,25.0,,,,,,,,,
71,,,31.3,,,,,,,,,
72,,,12.99,,,,,,,,,
73,,,56.95,,,,,,,,,
74,,,41.99,,,,,,,,,
75,,,57.34,,,,,,,,,
76,,,77.07,,,,,,,,,
77,,,27.99,,,,,,,,,
78,,,46.491537396121885,,,,,,,,,
79,,,28.99,,,,,,,,,
80,,,,,,,,,,,,
81,,,48.17,,,,,,,,,
82,,,46.491537396121885,,,,,,,,,
83,,,43.52,,,,,,,,,
84,,,22.49,,,,,,,,,
85,,,25.49,,,,,,,,,
86,,,49.99,,,,,,,,,
87,,,37.99,,,,,,,,,
88,,,24.95,,,,,,,,,
89,,,59.36,,,,,,,,,
90,,,,,,,,,,,,
91,,,31.3,,,,,,,,,
92,,,18.97,,,,,,,,,
93,,,15.99,,,,,,,,,
94,,,40.49,,,,,,,,,
95,,,19.59,,,,,,,,,
96,,,30.99,,,,,,,,,
97,,,59.91,,,,,,,,,
98,,,48.99,,,,,,,,,
99,,,47.85,,,,,,,,,
100,,,,,,,,,,,,
101,,,,,,,,,,,,
102,,,,,,,,,,,,
103,,,,,,,,,,,,
104,,,27.49,,,,,,,,,
105,,,46.491537396121885,,,,,,,,,
106,,,51.0,,,,,,,,,
107,,,38.81,,,,,,,,,
108,,,35.0,,,,,,,,,
109,,,69.99,,,,,,,,,
110,,,51.99,,,,,,,,,
111,,,41.49,,,,,,,,,
112,,,44.83,,,,,,,,,
113,,,,,,,,,,,,
114,,,24.99,,,,,,,,,
115,,,35.99,,,,,,,,,
116,,,27.88,,,,,,,,,
117,,,62.99,,,,,,,,,
118,,,24.14,,,,,,,,,
119,,,19.7,,,,,,,,,
120,,,44.97,,,,,,,,,
121,,,26.44,,,,,,,,,
122,,,8.09,,,,,,,,,
123,,,69.06,,,,,,,,,
124,,,32.99,,,,,,,,,
125,,,75.95,,,,,,,,,
126,,,,,,,,,,,,
127,,,28.45,,,,,,,,,
128,,,47.62,,,,,,,,,
129,,,47.68,,,,,,,,,
130,,,58.41,,,,,,,,,
131,,,21.21,,,,,,,,,
132,,,,,,,,,,,,
133,,,26.0,,,,,,,,,
134,,,46.491537396121885,,,,,,,,,
135,,,,,,,,,,,,
136,,,9.02,,,,,,,,,
137,,,33.99,,,,,,,,,
138,,,46.491537396121885,,,,,,,,,
139,,,6.11,,,,,,,,,
140,,,19.24,,,,,,,,,
141,,,49.99,,,,,,,,,
142,,,44.99,,,,,,,,,
143,,,37.8,,,,,,,,,
144,,,17.95,,,,,,,,,
145,,,79.96,,,,,,,,,
146,,,59.84,,,,,,,,,
147,,,42.0,,,,,,,,,
148,,,34.99,,,,,,,,,
149,,,15.1,,,,,,,,,
150,,,41.99,,,,,,,,,
151,,,34.99,,,,,,,,,
152,,,9.99,,,,,,,,,
153,,,37.0,,,,,,,,,
154,,,40.0,,,,,,,,,
155,,,62.78,,,,,,,,,
156,,,59.99,,,,,,,,,
157,,,,,,,,,,,,
158,,,73.98,,,,,,,,,
159,,,73.99,,,,,,,,,
160,,,35.95,,,,,,,,,
161,,,24.95,,,,,,,,,
162,,,19.99,,,,,,,,,
163,,,39.99,,,,,,,,,
164,,,46.491537396121885,,,,,,,,,
165,,,63.52,,,,,,,,,
166,,,40.0,,,,,,,,,
167,,,,,,,,,,,,
168,,,68.86,,,,,,,,,
169,,,,,,,,,,,,
170,,,54.97,,,,,,,,,
171,,,48.94,,,,,,,,,
172,,,59.5,,,,,,,,,
173,,,,,,,,,,,,
174,,,12.99,,,,,,,,,
175,,,46.99,,,,,,,,,
176,,,19.99,,,,,,,,,
177,,,,,,,,,,,,
178,,,,,,,,,,,,
179,,,43.99,,,,,,,,,
180,,,76.19,,,,,,,,,
181,,,23.37,,,,,,,,,
182,,,29.99,,,,,,,,,
183,,,5.95,,,,,,,,,
184,,,46.99,,,,,,,,,
185,,,26.49,,,,,,,,,
186,,,39.49,,,,,,,,,
187,,,,,,,,,,,,
188,,,39.99,,,,,,,,,
189,,,30.16,,,,,,,,,
190,,,35.09,,,,,,,,,
191,,,,,,,,,,,,
192,,,9.99,,,,,,,,,
193,,,19.99,,,,,,,,,
194,,,25.1,,,,,,,,,
195,,,,,,,,,,,,
196,,,6.99,,,,,,,,,
197,,,49.99,,,,,,,,,
198,,,,,,,,,,,,
199,,,34.99,,,,,,,,,
200,,,12.99,,,,,,,,,
201,,,43.09,,,,,,,,,
202,,,39.99,,,,,,,,,
203,,,10.64,,,,,,,,,
204,,,,,,,,,,,,
205,,,4.97,,,,,,,,,
206,,,59.96,,,,,,,,,
207,,,54.68,,,,,,,,,
208,,,46.491537396121885,,,,,,,,,
209,,,17.27,,,,,,,,,
210,,,78.49,,,,,,,,,
211,,,42.7,,,,,,,,,
212,,,30.0,,,,,,,,,
213,,,21.09,,,,,,,,,
214,,,5.95,,,,,,,,,
215,,,44.99,,,,,,,,,
216,,,77.0,,,,,,,,,
217,,,46.53,,,,,,,,,
218,,,31.99,,,,,,,,,
219,,,42.0,,,,,,,,,
220,,,74.04,,,,,,,,,
221,,,46.491537396121885,,,,,,,,,
222,,,,,,,,,,,,
223,,,48.16,,,,,,,,,
224,,,34.95,,,,,,,,,
225,,,87.0,,,,,,,,,
226,,,,,,,,,,,,
227,,,51.99,,,,,,,,,
228,,,19.99,,,,,,,,,
229,,,19.16,,,,,,,,,
230,,,43.15,,,,,,,,,
231,,,30.51,,,,,,,,,
232,,,,,,,,,,,,
233,,,42.0,,,,,,,,,
234,,,45.99,,,,,,,,,
235,,,13.29,,,,,,,,,
236,,,15.99,,,,,,,,,
237,,,20.97,,,,,,,,,
238,,,52.17,,,,,,,,,
239,,,57.99,,,,,,,,,
240,,,16.99,,,,,,,,,
241,,,24.9,,,,,,,,,
242,,,,,,,,,,,,
243,,,48.15,,,,,,,,,
244,,,39.99,,,,,,,,,
245,,,0.99,,,,,,,,,
246,,,23.99,,,,,,,,,
247,,,65.11,,,,,,,,,
248,,,,,,,,,,,,
249,,,39.89,,,,,,,,,
250,,,16.97,,,,,,,,,
251,,,19.31,,,,,,,,,
252,,,14.99,,,,,,,,,
253,,,24.99,,,,,,,,,
254,,,,,,,,,,,,
255,,,,,,,,,,,,
256,,,53.99,,,,,,,,,
257,,,80.11,,,,,,,,,
258,,,46.491537396121885,,,,,,,,,
259,,,39.49,,,,,,,,,
260,,,49.95,,,,,,,,,
261,,,47.85,,,,,,,,,
262,,,45.99,,,,,,,,,
263,,,44.99,,,,,,,,,
264,,,18.86,,,,,,,,,
265,,,44.99,,,,,,,,,
266,,,18.99,,,,,,,,,
267,,,14.49,,,,,,,,,
268,,,46.06,,,,,,,,,
269,,,,,,,,,,,,
270,,,44.99,,,,,,,,,
271,,,5.95,,,,,,,,,
272,,,57.28,,,,,,,,,
273,,,49.99,,,,,,,,,
274,,,17.9,,,,,,,,,
275,,,17.95,,,,,,,,,
276,,,19.97,,,,,,,,,
277,,,,,,,,,,,,
278,,,18.04,,,,,,,,,
279,,,4.99,,,,,,,,,
280,,,,,,,,,,,,
281,,,19.89,,,,,,,,,
282,,,48.99,,,,,,,,,
283,,,28.1,,,,,,,,,
284,,,17.84,,,,,,,,,
285,,,,,,,,,,,,
286,,,29.95,,,,,,,,,
287,,,54.08,,,,,,,,,
288,,,35.71,,,,,,,,,
289,,,14.97,,,,,,,,,
290,,,14.8,,,,,,,,,
291,,,40.99,,,,,,,,,
292,,,48.25,,,,,,,,,
293,,,56.87,,,,,,,,,
294,,,42.07,,,,,,,,,
295,,,34.99,,,,,,,,,
296,,,32.99,,,,,,,,,
297,,,24.99,,,,,,,,,
298,,,,,,,,,,,,
299,,,37.49,,,,,,,,,
300,,,46.99,,,,,,,,,
301,,,33.49,,,,,,,,,
302,,,,,,,,,,,,
303,,,37.74,,,,,,,,,
304,,,,,,,,,,,,
305,,,35.67,,,,,,,,,
306,,,46.491537396121885,,,,,,,,,
307,,,22.99,,,,,,,,,
308,,,31.9,,,,,,,,,
309,,,68.62,,,,,,,,,
310,,,,,,,,,,,,
311,,,46.491537396121885,,,,,,,,,
312,,,46.491537396121885,,,,,,,,,
313,,,67.1,,,,,,,,,
314,,,60.0,,,,,,,,,
315,,,59.99,,,,,,,,,
316,,,32.99,,,,,,,,,
317,,,23.25,,,,,,,,,
318,,,3.99,,,,,,,,,
319,,,79.99,,,,,,,,,
320,,,48.0,,,,,,,,,
321,,,69.99,,,,,,,,,
322,,,46.491537396121885,,,,,,,,,
323,,,25.85,,,,,,,,,
324,,,23.74,,,,,,,,,
325,,,42.49,,,,,,,,,
326,,,51.99,,,,,,,,,
327,,,59.99,,,,,,,,,
328,,,38.39,,,,,,,,,
329,,,24.49,,,,,,,,,
330,,,28.49,,,,,,,,,
331,,,46.491537396121885,,,,,,,,,
332,,,35.17,,,,,,,,,
333,,,43.49,,,,,,,,,
334,,,17.99,,,,,,,,,
335,,,48.49,,,,,,,,,
336,,,32.49,,,,,,,,,
337,,,,,,,,,,,,
338,,,15.05,,,,,,,,,
339,,,35.35,,,,,,,,,
340,,,19.99,,,,,,,,,
341,,,46.491537396121885,,,,,,,,,
342,,,69.99,,,,,,,,,
343,,,59.05,,,,,,,,,
344,,,35.05,,,,,,,,,
345,,,49.99,,,,,,,,,
346,,,28.49,,,,,,,,,
347,,,39.99,,,,,,,,,
348,,,20.13,,,,,,,,,
349,,,21.22,,,,,,,,,
350,,,49.99,,,,,,,,,
351,,,54.15,,,,,,,,,
352,,,39.99,,,,,,,,,
353,,,61.25,,,,,,,,,
354,,,40.84,,,,,,,,,
355,,,41.99,,,,,,,,,
356,,,41.99,,,,,,,,,
357,,,40.71,,,,,,,,,
358,,,45.99,,,,,,,,,
359,,,40.0,,,,,,,,,
360,,,48.98,,,,,,,,,
361,,,46.99,,,,,,,,,
362,,,32.01,,,,,,,,,
363,,,11.89,,,,,,,,,
364,,,67.98,,,,,,,,,
365,,,34.87,,,,,,,,,
366,,,37.0,,,,,,,,,
367,,,39.95,,,,,,,,,
368,,,44.99,,,,,,,,,
369,,,,,,,,,,,,
370,,,54.44,,,,,,,,,
371,,,36.46,,,,,,,,,
372,,,29.99,,,,,,,,,
373,,,30.22,,,,,,,,,
374,,,9.99,,,,,,,,,
375,,,18.51,,,,,,,,,
376,,,24.49,,,,,,,,,
377,,,40.49,,,,,,,,,
378,,,46.491537396121885,,,,,,,,,
379,,,33.61,,,,,,,,,
380,,,47.7,,,,,,,,,
381,,,46.491537396121885,,,,,,,,,
382,,,55.48,,,,,,,,,
383,,,34.49,,,,,,,,,
384,,,20.49,,,,,,,,,
385,,,40.49,,,,,,,,,
386,,,46.491537396121885,,,,,,,,,
387,,,46.491537396121885,,,,,,,,,
388,,,46.491537396121885,,,,,,,,,
389,,,46.491537396121885,,,,,,,,,
390,,,46.491537396121885,,,,,,,,,
391,,,41.99,,,,,,,,,
392,,,46.491537396121885,,,,,,,,,
393,,,46.491537396121885,,,,,,,,,
394,,,27.97,,,,,,,,,
395,,,46.491537396121885,,,,,,,,,
396,,,,,,,,,,,,
397,,,27.0,,,,,,,,,
398,,,46.491537396121885,,,,,,,,,
399,,,78.41,,,,,,,,,
400,,,18.99,,,,,,,,,
401,,,46.491537396121885,,,,,,,,,
402,,,30.99,,,,,,,,,
403,,,6.99,,,,,,,,,
404,,,46.491537396121885,,,,,,,,,
405,,,22.3,,,,,,,,,
406,,,31.49,,,,,,,,,
407,,,60.03,,,,,,,,,
408,,,46.491537396121885,,,,,,,,,
409,,,39.55,,,,,,,,,
410,,,46.491537396121885,,,,,,,,,
411,,,23.14,,,,,,,,,
412,,,59.99,,,,,,,,,
413,,,51.48,,,,,,,,,
414,,,29.99,,,,,,,,,
415,,,58.11,,,,,,,,,
416,,,,,,,,,,,,
417,,,35.99,,,,,,,,,
418,,,3.99,,,,,,,,,
419,,,44.99,,,,,,,,,
420,,,46.491537396121885,,,,,,,,,
421,,,13.75,,,,,,,,,
422,,,49.99,,,,,,,,,
423,,,28.49,,,,,,,,,
424,,,46.491537396121885,,,,,,,,,
425,,,28.49,,,,,,,,,
426,,,48.78,,,,,,,,,
427,,,29.99,,,,,,,,,
428,,,46.491537396121885,,,,,,,,,
429,,,46.491537396121885,,,,,,,,,
430,,,,,,,,,,,,
431,,,46.99,,,,,,,,,
432,,,29.24,,,,,,,,,
433,,,11.97,,,,,,,,,
434,,,49.99,,,,,,,,,
435,,,27.32,,,,,,,,,
436,,,46.491537396121885,,,,,,,,,
437,,,71.75,,,,,,,,,
438,,,50.99,,,,,,,,,
439,,,46.491537396121885,,,,,,,,,
440,,,16.99,,,,,,,,,
441,,,29.95,,,,,,,,,
442,,,59.99,,,,,,,,,
443,,,46.491537396121885,,,,,,,,,
444,,,59.77,,,,,,,,,
445,,,49.99,,,,,,,,,
446,,,7.0,,,,,,,,,
447,,,37.11,,,,,,,,,
448,,,46.491537396121885,,,,,,,,,
449,,,46.491537396121885,,,,,,,,,
450,,,39.45,,,,,,,,,
451,,,65.05,,,,,,,,,
452,,,41.99,,,,,,,,,
453,,,27.95,,,,,,,,,
454,,,29.0,,,,,,,,,
455,,,44.95,,,,,,,,,
456,,,29.05,,,,,,,,,
457,,,4.95,,,,,,,,,
458,,,32.99,,,,,,,,,
459,,,36.5,,,,,,,,,
460,,,46.491537396121885,,,,,,,,,
461,,,9.23,,,,,,,,,
462,,,46.491537396121885,,,,,,,,,
463,,,38.99,,,,,,,,,
464,,,39.99,,,,,,,,,
465,,,48.84,,,,,,,,,
466,,,46.491537396121885,,,,,,,,,
467,,,61.24,,,,,,,,,
468,,,56.99,,,,,,,,,
469,,,44.99,,,,,,,,,
470,,,24.99,,,,,,,,,
471,,,19.95,,,,,,,,,
472,,,40.84,,,,,,,,,
473,,,24.49,,,,,,,,,
474,,,19.99,,,,,,,,,
475,,,46.491537396121885,,,,,,,,,
476,,,19.99,,,,,,,,,
477,,,46.491537396121885,,,,,,,,,
478,,,57.49,,,,,,,,,
479,,,19.89,,,,,,,,,
480,,,10.04,,,,,,,,,
481,,,39.99,,,,,,,,,
482,,,34.95,,,,,,,,,
483,,,35.99,,,,,,,,,
484,,,22.99,,,,,,,,,
485,,,46.491537396121885,,,,,,,,,
486,,,46.491537396121885,,,,,,,,,
487,,,42.75,,,,,,,,,
488,,,47.99,,,,,,,,,
489,,,54.99,,,,,,,,,
490,,,16.22,,,,,,,,,
491,,,46.491537396121885,,,,,,,,,
492,,,8.99,,,,,,,,,
493,,,49.18,,,,,,,,,
494,,,45.99,,,,,,,,,
495,,,53.92,,,,,,,,,
496,,,18.8,,,,,,,,,
497,,,23.72,,,,,,,,,
498,,,24.49,,,,,,,,,
499,,,59.99,,,,,,,,,
500,,,7.99,,,,,,,,,
501,,,39.0,,,,,,,,,
502,,,24.95,,,,,,,,,
503,,,49.99,,,,,,,,,
504,,,48.72,,,,,,,,,
505,,,39.99,,,,,,,,,
506,,,46.491537396121885,,,,,,,,,
507,,,15.0,,,,,,,,,
508,,,29.99,,,,,,,,,
509,,,39.49,,,,,,,,,
510,,,21.27,,,,,,,,,
511,,,39.99,,,,,,,,,
512,,,14.99,,,,,,,,,
513,,,46.491537396121885,,,,,,,,,
514,,,46.99,,,,,,,,,
515,,,44.99,,,,,,,,,
516,,,39.99,,,,,,,,,
517,,,37.21,,,,,,,,,
518,,,46.491537396121885,,,,,,,,,
519,,,41.99,,,,,,,,,
520,,,17.99,,,,,,,,,
521,,,46.491537396121885,,,,,,,,,
522,,,29.95,,,,,,,,,
523,,,49.99,,,,,,,,,
524,,,51.99,,,,,,,,,
525,,,46.99,,,,,,,,,
526,,,44.99,,,,,,,,,
527,,,51.99,,,,,,,,,
528,,,9.48,,,,,,,,,
529,,,46.491537396121885,,,,,,,,,
530,,,62.99,,,,,,,,,
531,,,24.38,,,,,,,,,
532,,,13.66,,,,,,,,,
533,,,51.99,,,,,,,,,
534,,,7.99,,,,,,,,,
535,,,31.5,,,,,,,,,
536,,,51.63,,,,,,,,,
537,,,46.99,,,,,,,,,
538,,,50.23,,,,,,,,,
539,,,59.99,,,,,,,,,
540,,,19.99,,,,,,,,,
541,,,46.491537396121885,,,,,,,,,
542,,,40.99,,,,,,,,,
543,,,33.49,,,,,,,,,
544,,,49.99,,,,,,,,,
545,,,40.49,,,,,,,,,
546,,,34.3,,,,,,,,,
547,,,41.99,,,,,,,,,
548,,,46.491537396121885,,,,,,,,,
549,,,41.99,,,,,,,,,
550,,,37.99,,,,,,,,,
551,,,44.49,,,,,,,,,
552,,,46.491537396121885,,,,,,,,,
553,,,39.99,,,,,,,,,
554,,,46.491537396121885,,,,,,,,,
555,,,9.59,,,,,,,,,
556,,,,,,,,,,,,
557,,,29.99,,,,,,,,,
558,,,,,,,,,,,,
559,,,18.96,,,,,,,,,
560,,,38.24,,,,,,,,,
561,,,12.74,,,,,,,,,
562,,,19.95,,,,,,,,,
563,,,34.0,,,,,,,,,
564,,,46.491537396121885,,,,,,,,,
565,,,57.4,,,,,,,,,
566,,,30.49,,,,,,,,,
567,,,55.0,,,,,,,,,
568,,,13.99,,,,,,,,,
569,,,18.85,,,,,,,,,
570,,,46.99,,,,,,,,,
571,,,46.491537396121885,,,,,,,,,
572,,,43.49,,,,,,,,,
573,,,39.95,,,,,,,,,
574,,,34.95,,,,,,,,,
575,,,19.37,,,,,,,,,
576,,,46.491537396121885,,,,,,,,,
577,,,24.9,,,,,,,,,
578,,,57.99,,,,,,,,,
579,,,46.491537396121885,,,,,,,,,
580,,,16.38,,,,,,,,,
581,,,4.99,,,,,,,,,
582,,,9.99,,,,,,,,,
583,,,19.95,,,,,,,,,
584,,,35.99,,,,,,,,,
585,,,17.39,,,,,,,,,
586,,,39.99,,,,,,,,,
587,,,16.59,,,,,,,,,
588,,,14.99,,,,,,,,,
589,,,28.56,,,,,,,,,
590,,,23.06,,,,,,,,,
591,,,49.35,,,,,,,,,
592,,,16.99,,,,,,,,,
593,,,0.99,,,,,,,,,
594,,,23.99,,,,,,,,,
595,,,4.99,,,,,,,,,
596,,,54.51,,,,,,,,,
597,,,16.63,,,,,,,,,
598,,,34.99,,,,,,,,,
599,,,,,,,,,,,,
600,,,19.99,,,,,,,,,
601,,,14.4,,,,,,,,,
602,,,18.99,,,,,,,,,
603,,,79.0,,,,,,,,,
604,,,4.99,,,,,,,,,
605,,,46.99,,,,,,,,,
606,,,41.43,,,,,,,,,
607,,,39.99,,,,,,,,,
608,,,59.99,,,,,,,,,
609,,,49.99,,,,,,,,,
610,,,46.491537396121885,,,,,,,,,
611,,,12.73,,,,,,,,,
612,,,13.79,,,,,,,,,
613,,,20.58,,,,,,,,,
614,,,46.491537396121885,,,,,,,,,
615,,,49.99,,,,,,,,,
616,,,,,,,,,,,,
617,,,34.99,,,,,,,,,
618,,,69.95,,,,,,,,,
619,,,46.491537396121885,,,,,,,,,
620,,,6.04,,,,,,,,,
621,,,59.29,,,,,,,,,
622,,,39.99,,,,,,,,,
623,,,45.49,,,,,,,,,
624,,,54.0,,,,,,,,,
625,,,79.99,,,,,,,,,
626,,,46.491537396121885,,,,,,,,,
627,,,39.49,,,,,,,,,
628,,,46.491537396121885,,,,,,,,,
629,,,46.99,,,,,,,,,
630,,,58.55,,,,,,,,,
631,,,7.95,,,,,,,,,
632,,,28.99,,,,,,,,,
633,,,23.99,,,,,,,,,
634,,,25.49,,,,,,,,,
635,,,46.99,,,,,,,,,
636,,,36.99,,,,,,,,,
637,,,19.49,,,,,,,,,
638,,,,,,,,,,,,
639,,,46.491537396121885,,,,,,,,,
640,,,64.99,,,,,,,,,
641,,,2.99,,,,,,,,,
642,,,51.99,,,,,,,,,
643,,,32.23,,,,,,,,,
644,,,31.99,,,,,,,,,
645,,,43.14,,,,,,,,,
646,,,23.99,,,,,,,,,
647,,,46.491537396121885,,,,,,,,,
648,,,43.49,,,,,,,,,
649,,,48.99,,,,,,,,,
650,,,39.99,,,,,,,,,
651,,,46.491537396121885,,,,,,,,,
652,,,25.98,,,,,,,,,
653,,,29.59,,,,,,,,,
654,,,46.491537396121885,,,,,,,,,
655,,,19.49,,,,,,,,,
656,,,60.0,,,,,,,,,
657,,,35.49,,,,,,,,,
658,,,,,,,,,,,,
659,,,17.99,,,,,,,,,
660,,,25.49,,,,,,,,,
661,,,,,,,,,,,,
662,,,44.49,,,,,,,,,
663,,,50.99,,,,,,,,,
664,,,17.49,,,,,,,,,
665,,,47.99,,,,,,,,,
666,,,10.99,,,,,,,,,
667,,,31.99,,,,,,,,,
668,,,28.95,,,,,,,,,
669,,,5.99,,,,,,,,,
670,,,35.99,,,,,,,,,
671,,,46.491537396121885,,,,,,,,,
672,,,80.0,,,,,,,,,
673,,,24.33,,,,,,,,,
674,,,16.89,,,,,,,,,
675,,,59.95,,,,,,,,,
676,,,16.95,,,,,,,,,
677,,,,,,,,,,,,
678,,,48.99,,,,,,,,,
679,,,20.0,,,,,,,,,
680,,,46.491537396121885,,,,,,,,,
681,,,38.84,,,,,,,,,
682,,,31.49,,,,,,,,,
683,,,24.0,,,,,,,,,
684,,,11.99,,,,,,,,,
685,,,,,,,,,,,,
686,,,,,,,,,,,,
687,,,49.48,,,,,,,,,
688,,,21.49,,,,,,,,,
689,,,36.61,,,,,,,,,
690,,,46.491537396121885,,,,,,,,,
691,,,54.99,,,,,,,,,
692,,,4.99,,,,,,,,,
693,,,14.99,,,,,,,,,
694,,,69.99,,,,,,,,,
695,,,,,,,,,,,,
696,,,64.95,,,,,,,,,
697,,,55.97,,,,,,,,,
698,,,19.89,,,,,,,,,
699,,,10.99,,,,,,,,,
700,,,35.74,,,,,,,,,
701,,,46.491537396121885,,,,,,,,,
702,,,63.88,,,,,,,,,
703,,,27.0,,,,,,,,,
704,,,17.84,,,,,,,,,
705,,,4.99,,,,,,,,,
706,,,14.99,,,,,,,,,
707,,,46.99,,,,,,,,,
708,,,51.0,,,,,,,,,
709,,,75.83,,,,,,,,,
710,,,36.99,,,,,,,,,
711,,,23.48,,,,,,,,,
712,,,53.64,,,,,,,,,
713,,,6.99,,,,,,,,,
714,,,37.21,,,,,,,,,
715,,,55.0,,,,,,,,,
716,,,3.99,,,,,,,,,
717,,,31.99,,,,,,,,,
718,,,46.491537396121885,,,,,,,,,
719,,,46.491537396121885,,,,,,,,,
720,,,,,,,,,,,,
721,,,53.98,,,,,,,,,
722,,,46.491537396121885,,,,,,,,,
723,,,42.74,,,,,,,,,
724,,,46.491537396121885,,,,,,,,,
725,,,14.19,,,,,,,,,
726,,,36.99,,,,,,,,,
727,,,55.91,,,,,,,,,
728,,,9.95,,,,,,,,,
729,,,46.491537396121885,,,,,,,,,
730,,,41.16,,,,,,,,,
731,,,14.99,,,,,,,,,
732,,,15.3,,,,,,,,,
733,,,46.99,,,,,,,,,
734,,,,,,,,,,,,
735,,,46.491537396121885,,,,,,,,,
736,,,54.99,,,,,,,,,
737,,,45.89,,,,,,,,,
738,,,46.491537396121885,,,,,,,,,
739,,,54.09,,,,,,,,,
740,,,85.04,,,,,,,,,
741,,,39.95,,,,,,,,,
742,,,4.99,,,,,,,,,
743,,,73.91,,,,,,,,,
744,,,69.95,,,,,,,,,
745,,,46.491537396121885,,,,,,,,,
746,,,19.99,,,,,,,,,
747,,,33.99,,,,,,,,,
748,,,46.491537396121885,,,,,,,,,
749,,,46.491537396121885,,,,,,,,,
750,,,46.491537396121885,,,,,,,,,
751,,,46.491537396121885,,,,,,,,,
752,,,18.0,,,,,,,,,
753,,,29.95,,,,,,,,,
754,,,14.95,,,,,,,,,
755,,,39.99,,,,,,,,,
756,,,46.491537396121885,,,,,,,,,
757,,,79.96,,,,,,,,,
758,,,41.99,,,,,,,,,
759,,,45.0,,,,,,,,,
760,,,14.95,,,,,,,,,
761,,,39.99,,,,,,,,,
762,,,46.491537396121885,,,,,,,,,
763,,,,,,,,,,,,
764,,,25.19,,,,,,,,,
765,,,46.491537396121885,,,,,,,,,
766,,,34.49,,,,,,,,,
767,,,46.491537396121885,,,,,,,,,
768,,,39.99,,,,,,,,,
769,,,,,,,,,,,,
770,,,19.95,,,,,,,,,
771,,,41.99,,,,,,,,,
772,,,40.66,,,,,,,,,
773,,,8.75,,,,,,,,,
774,,,46.491537396121885,,,,,,,,,
775,,,46.491537396121885,,,,,,,,,
776,,,46.491537396121885,,,,,,,,,
777,,,,,,,,,,,,
778,,,35.95,,,,,,,,,
779,,,54.99,,,,,,,,,
780,,,46.491537396121885,,,,,,,,,
781,,,52.64,,,,,,,,,
782,,,46.491537396121885,,,,,,,,,
783,,,46.491537396121885,,,,,,,,,
784,,,42.49,,,,,,,,,
785,,,46.99,,,,,,,,,
786,,,70.0,,,,,,,,,
787,,,11.89,,,,,,,,,
788,,,46.491537396121885,,,,,,,,,
789,,,29.99,,,,,,,,,
790,,,44.99,,,,,,,,,
791,,,7.99,,,,,,,,,
792,,,41.99,,,,,,,,,
793,,,54.99,,,,,,,,,
794,,,15.89,,,,,,,,,
795,,,64.95,,,,,,,,,
796,,,46.5,,,,,,,,,
797,,,52.79,,,,,,,,,
798,,,22.49,,,,,,,,,
799,,,24.0,,,,,,,,,
800,,,46.491537396121885,,,,,,,,,
801,,,73.61,,,,,,,,,
802,,,19.69,,,,,,,,,
803,,,10.5,,,,,,,,,
804,,,9.99,,,,,,,,,
805,,,25.57,,,,,,,,,
806,,,30.0,,,,,,,,,
807,,,37.99,,,,,,,,,
808,,,,,,,,,,,,
809,,,59.45,,,,,,,,,
810,,,41.99,,,,,,,,,
811,,,40.94,,,,,,,,,
812,,,18.0,,,,,,,,,
813,,,,,,,,,,,,
814,,,49.99,,,,,,,,,
815,,,45.42,,,,,,,,,
816,,,46.491537396121885,,,,,,,,,
817,,,46.491537396121885,,,,,,,,,
818,,,46.491537396121885,,,,,,,,,
819,,,24.95,,,,,,,,,
820,,,25.62,,,,,,,,,
821,,,39.02,,,,,,,,,
822,,,29.99,,,,,,,,,
823,,,51.99,,,,,,,,,
824,,,9.69,,,,,,,,,
825,,,5.33,,,,,,,,,
826,,,55.18,,,,,,,,,
827,,,44.99,,,,,,,,,
828,,,46.491537396121885,,,,,,,,,
829,,,38.49,,,,,,,,,
